"LOCATION","INDICATOR","SUBJECT","MEASURE","FREQUENCY","TIME","Value","Flag Codes"
"GBR","CLI","AMPLITUD","LTRENDIDX","M","2019-01",98.10447,
"GBR","CLI","AMPLITUD","LTRENDIDX","M","2019-02",98.01363,
"GBR","CLI","AMPLITUD","LTRENDIDX","M","2019-03",97.94798,
"GBR","CLI","AMPLITUD","LTRENDIDX","M","2019-04",97.89857,
"GBR","CLI","AMPLITUD","LTRENDIDX","M","2019-05",97.85091,
"GBR","CLI","AMPLITUD","LTRENDIDX","M","2019-06",97.7984,
"GBR","CLI","AMPLITUD","LTRENDIDX","M","2019-07",97.74872,
"GBR","CLI","AMPLITUD","LTRENDIDX","M","2019-08",97.71153,
"GBR","CLI","AMPLITUD","LTRENDIDX","M","2019-09",97.73228,
"GBR","CLI","AMPLITUD","LTRENDIDX","M","2019-10",97.84386,
"GBR","CLI","AMPLITUD","LTRENDIDX","M","2019-11",98.05291,
"GBR","CLI","AMPLITUD","LTRENDIDX","M","2019-12",98.3555,
"GBR","CLI","AMPLITUD","LTRENDIDX","M","2020-01",98.75098,
"GBR","CLI","AMPLITUD","LTRENDIDX","M","2020-02",99.2321,
"GBR","CLI","AMPLITUD","LTRENDIDX","M","2020-03",96.86878,
"GBR","CLI","AMPLITUD","LTRENDIDX","M","2020-04",88.8051,
"GBR","CLI","AMPLITUD","LTRENDIDX","M","2020-05",90.47006,
"GBR","CLI","AMPLITUD","LTRENDIDX","M","2020-06",94.91589,
"GBR","CLI","AMPLITUD","LTRENDIDX","M","2020-07",98.68405,
"GBR","CLI","AMPLITUD","LTRENDIDX","M","2020-08",99.56741,
"GBR","CLI","AMPLITUD","LTRENDIDX","M","2020-09",99.43065,
"CHN","CLI","AMPLITUD","LTRENDIDX","M","2019-01",99.22602,
"CHN","CLI","AMPLITUD","LTRENDIDX","M","2019-02",99.26895,
"CHN","CLI","AMPLITUD","LTRENDIDX","M","2019-03",99.30823,
"CHN","CLI","AMPLITUD","LTRENDIDX","M","2019-04",99.31686,
"CHN","CLI","AMPLITUD","LTRENDIDX","M","2019-05",99.28808,
"CHN","CLI","AMPLITUD","LTRENDIDX","M","2019-06",99.22759,
"CHN","CLI","AMPLITUD","LTRENDIDX","M","2019-07",99.12789,
"CHN","CLI","AMPLITUD","LTRENDIDX","M","2019-08",98.97568,
"CHN","CLI","AMPLITUD","LTRENDIDX","M","2019-09",98.76952,
"CHN","CLI","AMPLITUD","LTRENDIDX","M","2019-10",98.52831,
"CHN","CLI","AMPLITUD","LTRENDIDX","M","2019-11",98.27733,
"CHN","CLI","AMPLITUD","LTRENDIDX","M","2019-12",98.02598,
"CHN","CLI","AMPLITUD","LTRENDIDX","M","2020-01",97.79263,
"CHN","CLI","AMPLITUD","LTRENDIDX","M","2020-02",85.51633,
"CHN","CLI","AMPLITUD","LTRENDIDX","M","2020-03",92.54871,
"CHN","CLI","AMPLITUD","LTRENDIDX","M","2020-04",95.37202,
"CHN","CLI","AMPLITUD","LTRENDIDX","M","2020-05",97.97731,
"CHN","CLI","AMPLITUD","LTRENDIDX","M","2020-06",98.41081,
"CHN","CLI","AMPLITUD","LTRENDIDX","M","2020-07",98.95142,
"CHN","CLI","AMPLITUD","LTRENDIDX","M","2020-08",99.53043,
"CHN","CLI","AMPLITUD","LTRENDIDX","M","2020-09",100.1317,
"NOR","CLI","AMPLITUD","LTRENDIDX","M","2019-01",100.6364,
"NOR","CLI","AMPLITUD","LTRENDIDX","M","2019-02",100.5293,
"NOR","CLI","AMPLITUD","LTRENDIDX","M","2019-03",100.3941,
"NOR","CLI","AMPLITUD","LTRENDIDX","M","2019-04",100.2371,
"NOR","CLI","AMPLITUD","LTRENDIDX","M","2019-05",100.0798,
"NOR","CLI","AMPLITUD","LTRENDIDX","M","2019-06",99.94063,
"NOR","CLI","AMPLITUD","LTRENDIDX","M","2019-07",99.82825,
"NOR","CLI","AMPLITUD","LTRENDIDX","M","2019-08",99.74296,
"NOR","CLI","AMPLITUD","LTRENDIDX","M","2019-09",99.68657,
"NOR","CLI","AMPLITUD","LTRENDIDX","M","2019-10",99.66901,
"NOR","CLI","AMPLITUD","LTRENDIDX","M","2019-11",99.68328,
"NOR","CLI","AMPLITUD","LTRENDIDX","M","2019-12",99.7068,
"NOR","CLI","AMPLITUD","LTRENDIDX","M","2020-01",99.71561,
"NOR","CLI","AMPLITUD","LTRENDIDX","M","2020-02",99.69951,
"NOR","CLI","AMPLITUD","LTRENDIDX","M","2020-03",93.41183,
"NOR","CLI","AMPLITUD","LTRENDIDX","M","2020-04",95.86478,
"NOR","CLI","AMPLITUD","LTRENDIDX","M","2020-05",97.18199,
"NOR","CLI","AMPLITUD","LTRENDIDX","M","2020-06",97.71072,
"NOR","CLI","AMPLITUD","LTRENDIDX","M","2020-07",97.98446,
"NOR","CLI","AMPLITUD","LTRENDIDX","M","2020-08",98.15982,
"SVK","CLI","AMPLITUD","LTRENDIDX","M","2019-01",100.9957,
"SVK","CLI","AMPLITUD","LTRENDIDX","M","2019-02",100.7707,
"SVK","CLI","AMPLITUD","LTRENDIDX","M","2019-03",100.5411,
"SVK","CLI","AMPLITUD","LTRENDIDX","M","2019-04",100.2965,
"SVK","CLI","AMPLITUD","LTRENDIDX","M","2019-05",100.0318,
"SVK","CLI","AMPLITUD","LTRENDIDX","M","2019-06",99.76506,
"SVK","CLI","AMPLITUD","LTRENDIDX","M","2019-07",99.51048,
"SVK","CLI","AMPLITUD","LTRENDIDX","M","2019-08",99.30665,
"SVK","CLI","AMPLITUD","LTRENDIDX","M","2019-09",99.17697,
"SVK","CLI","AMPLITUD","LTRENDIDX","M","2019-10",99.10951,
"SVK","CLI","AMPLITUD","LTRENDIDX","M","2019-11",99.08311,
"SVK","CLI","AMPLITUD","LTRENDIDX","M","2019-12",99.04321,
"SVK","CLI","AMPLITUD","LTRENDIDX","M","2020-01",98.96944,
"SVK","CLI","AMPLITUD","LTRENDIDX","M","2020-02",98.84772,
"SVK","CLI","AMPLITUD","LTRENDIDX","M","2020-03",97.92099,
"SVK","CLI","AMPLITUD","LTRENDIDX","M","2020-04",89.9025,
"SVK","CLI","AMPLITUD","LTRENDIDX","M","2020-05",91.13555,
"SVK","CLI","AMPLITUD","LTRENDIDX","M","2020-06",93.16117,
"SVK","CLI","AMPLITUD","LTRENDIDX","M","2020-07",93.36766,
"SVK","CLI","AMPLITUD","LTRENDIDX","M","2020-08",95.32336,
"SVK","CLI","AMPLITUD","LTRENDIDX","M","2020-09",95.26044,
"BRA","CLI","AMPLITUD","LTRENDIDX","M","2019-01",102.6202,
"BRA","CLI","AMPLITUD","LTRENDIDX","M","2019-02",102.7137,
"BRA","CLI","AMPLITUD","LTRENDIDX","M","2019-03",102.7572,
"BRA","CLI","AMPLITUD","LTRENDIDX","M","2019-04",102.7819,
"BRA","CLI","AMPLITUD","LTRENDIDX","M","2019-05",102.8138,
"BRA","CLI","AMPLITUD","LTRENDIDX","M","2019-06",102.8821,
"BRA","CLI","AMPLITUD","LTRENDIDX","M","2019-07",102.9879,
"BRA","CLI","AMPLITUD","LTRENDIDX","M","2019-08",103.1192,
"BRA","CLI","AMPLITUD","LTRENDIDX","M","2019-09",103.2613,
"BRA","CLI","AMPLITUD","LTRENDIDX","M","2019-10",103.3822,
"BRA","CLI","AMPLITUD","LTRENDIDX","M","2019-11",103.441,
"BRA","CLI","AMPLITUD","LTRENDIDX","M","2019-12",103.3629,
"BRA","CLI","AMPLITUD","LTRENDIDX","M","2020-01",103.0756,
"BRA","CLI","AMPLITUD","LTRENDIDX","M","2020-02",102.5824,
"BRA","CLI","AMPLITUD","LTRENDIDX","M","2020-03",101.0644,
"BRA","CLI","AMPLITUD","LTRENDIDX","M","2020-04",92.88487,
"BRA","CLI","AMPLITUD","LTRENDIDX","M","2020-05",95.14984,
"BRA","CLI","AMPLITUD","LTRENDIDX","M","2020-06",100.1262,
"BRA","CLI","AMPLITUD","LTRENDIDX","M","2020-07",101.2085,
"BRA","CLI","AMPLITUD","LTRENDIDX","M","2020-08",102.6469,
"BRA","CLI","AMPLITUD","LTRENDIDX","M","2020-09",103.1078,
"BEL","CLI","AMPLITUD","LTRENDIDX","M","2019-01",99.93694,
"BEL","CLI","AMPLITUD","LTRENDIDX","M","2019-02",99.9171,
"BEL","CLI","AMPLITUD","LTRENDIDX","M","2019-03",99.90326,
"BEL","CLI","AMPLITUD","LTRENDIDX","M","2019-04",99.87873,
"BEL","CLI","AMPLITUD","LTRENDIDX","M","2019-05",99.83983,
"BEL","CLI","AMPLITUD","LTRENDIDX","M","2019-06",99.7874,
"BEL","CLI","AMPLITUD","LTRENDIDX","M","2019-07",99.7307,
"BEL","CLI","AMPLITUD","LTRENDIDX","M","2019-08",99.69214,
"BEL","CLI","AMPLITUD","LTRENDIDX","M","2019-09",99.69084,
"BEL","CLI","AMPLITUD","LTRENDIDX","M","2019-10",99.74281,
"BEL","CLI","AMPLITUD","LTRENDIDX","M","2019-11",99.80397,
"BEL","CLI","AMPLITUD","LTRENDIDX","M","2019-12",99.84031,
"BEL","CLI","AMPLITUD","LTRENDIDX","M","2020-01",99.83284,
"BEL","CLI","AMPLITUD","LTRENDIDX","M","2020-02",99.78891,
"BEL","CLI","AMPLITUD","LTRENDIDX","M","2020-03",97.66385,
"BEL","CLI","AMPLITUD","LTRENDIDX","M","2020-04",92.55833,
"BEL","CLI","AMPLITUD","LTRENDIDX","M","2020-05",94.93761,
"BEL","CLI","AMPLITUD","LTRENDIDX","M","2020-06",97.0585,
"BEL","CLI","AMPLITUD","LTRENDIDX","M","2020-07",98.60919,
"BEL","CLI","AMPLITUD","LTRENDIDX","M","2020-08",99.52242,
"BEL","CLI","AMPLITUD","LTRENDIDX","M","2020-09",99.62595,
"HUN","CLI","AMPLITUD","LTRENDIDX","M","2019-01",100.9472,
"HUN","CLI","AMPLITUD","LTRENDIDX","M","2019-02",100.9298,
"HUN","CLI","AMPLITUD","LTRENDIDX","M","2019-03",100.8625,
"HUN","CLI","AMPLITUD","LTRENDIDX","M","2019-04",100.7464,
"HUN","CLI","AMPLITUD","LTRENDIDX","M","2019-05",100.6024,
"HUN","CLI","AMPLITUD","LTRENDIDX","M","2019-06",100.4507,
"HUN","CLI","AMPLITUD","LTRENDIDX","M","2019-07",100.3237,
"HUN","CLI","AMPLITUD","LTRENDIDX","M","2019-08",100.2218,
"HUN","CLI","AMPLITUD","LTRENDIDX","M","2019-09",100.1385,
"HUN","CLI","AMPLITUD","LTRENDIDX","M","2019-10",100.0459,
"HUN","CLI","AMPLITUD","LTRENDIDX","M","2019-11",99.8941,
"HUN","CLI","AMPLITUD","LTRENDIDX","M","2019-12",99.63475,
"HUN","CLI","AMPLITUD","LTRENDIDX","M","2020-01",99.25748,
"HUN","CLI","AMPLITUD","LTRENDIDX","M","2020-02",98.7739,
"HUN","CLI","AMPLITUD","LTRENDIDX","M","2020-03",98.24017,
"HUN","CLI","AMPLITUD","LTRENDIDX","M","2020-04",94.28018,
"HUN","CLI","AMPLITUD","LTRENDIDX","M","2020-05",93.99648,
"HUN","CLI","AMPLITUD","LTRENDIDX","M","2020-06",95.67448,
"HUN","CLI","AMPLITUD","LTRENDIDX","M","2020-07",95.62899,
"HUN","CLI","AMPLITUD","LTRENDIDX","M","2020-08",95.68322,
"HUN","CLI","AMPLITUD","LTRENDIDX","M","2020-09",95.76009,
"OECDE","CLI","AMPLITUD","LTRENDIDX","M","2019-01",99.53033,
"OECDE","CLI","AMPLITUD","LTRENDIDX","M","2019-02",99.49254,
"OECDE","CLI","AMPLITUD","LTRENDIDX","M","2019-03",99.46307,
"OECDE","CLI","AMPLITUD","LTRENDIDX","M","2019-04",99.43205,
"OECDE","CLI","AMPLITUD","LTRENDIDX","M","2019-05",99.39319,
"OECDE","CLI","AMPLITUD","LTRENDIDX","M","2019-06",99.35273,
"OECDE","CLI","AMPLITUD","LTRENDIDX","M","2019-07",99.32513,
"OECDE","CLI","AMPLITUD","LTRENDIDX","M","2019-08",99.32247,
"OECDE","CLI","AMPLITUD","LTRENDIDX","M","2019-09",99.34353,
"OECDE","CLI","AMPLITUD","LTRENDIDX","M","2019-10",99.38223,
"OECDE","CLI","AMPLITUD","LTRENDIDX","M","2019-11",99.41715,
"OECDE","CLI","AMPLITUD","LTRENDIDX","M","2019-12",99.43006,
"OECDE","CLI","AMPLITUD","LTRENDIDX","M","2020-01",99.40964,
"OECDE","CLI","AMPLITUD","LTRENDIDX","M","2020-02",99.35554,
"OECDE","CLI","AMPLITUD","LTRENDIDX","M","2020-03",97.06709,
"OECDE","CLI","AMPLITUD","LTRENDIDX","M","2020-04",90.71953,
"OECDE","CLI","AMPLITUD","LTRENDIDX","M","2020-05",93.31511,
"OECDE","CLI","AMPLITUD","LTRENDIDX","M","2020-06",96.95596,
"OECDE","CLI","AMPLITUD","LTRENDIDX","M","2020-07",98.11044,
"OECDE","CLI","AMPLITUD","LTRENDIDX","M","2020-08",98.47259,
"OECDE","CLI","AMPLITUD","LTRENDIDX","M","2020-09",98.65454,
"OECD","CLI","AMPLITUD","LTRENDIDX","M","2019-01",99.7745,
"OECD","CLI","AMPLITUD","LTRENDIDX","M","2019-02",99.68903,
"OECD","CLI","AMPLITUD","LTRENDIDX","M","2019-03",99.62392,
"OECD","CLI","AMPLITUD","LTRENDIDX","M","2019-04",99.56622,
"OECD","CLI","AMPLITUD","LTRENDIDX","M","2019-05",99.5041,
"OECD","CLI","AMPLITUD","LTRENDIDX","M","2019-06",99.44289,
"OECD","CLI","AMPLITUD","LTRENDIDX","M","2019-07",99.39536,
"OECD","CLI","AMPLITUD","LTRENDIDX","M","2019-08",99.37106,
"OECD","CLI","AMPLITUD","LTRENDIDX","M","2019-09",99.38042,
"OECD","CLI","AMPLITUD","LTRENDIDX","M","2019-10",99.41794,
"OECD","CLI","AMPLITUD","LTRENDIDX","M","2019-11",99.46317,
"OECD","CLI","AMPLITUD","LTRENDIDX","M","2019-12",99.49193,
"OECD","CLI","AMPLITUD","LTRENDIDX","M","2020-01",99.47968,
"OECD","CLI","AMPLITUD","LTRENDIDX","M","2020-02",99.41767,
"OECD","CLI","AMPLITUD","LTRENDIDX","M","2020-03",97.69222,
"OECD","CLI","AMPLITUD","LTRENDIDX","M","2020-04",93.17708,
"OECD","CLI","AMPLITUD","LTRENDIDX","M","2020-05",94.81512,
"OECD","CLI","AMPLITUD","LTRENDIDX","M","2020-06",97.03869,
"OECD","CLI","AMPLITUD","LTRENDIDX","M","2020-07",98.08919,
"OECD","CLI","AMPLITUD","LTRENDIDX","M","2020-08",98.53291,
"OECD","CLI","AMPLITUD","LTRENDIDX","M","2020-09",98.79954,
"ESP","CLI","AMPLITUD","LTRENDIDX","M","2019-01",101.368,
"ESP","CLI","AMPLITUD","LTRENDIDX","M","2019-02",101.4059,
"ESP","CLI","AMPLITUD","LTRENDIDX","M","2019-03",101.4156,
"ESP","CLI","AMPLITUD","LTRENDIDX","M","2019-04",101.3847,
"ESP","CLI","AMPLITUD","LTRENDIDX","M","2019-05",101.3215,
"ESP","CLI","AMPLITUD","LTRENDIDX","M","2019-06",101.2226,
"ESP","CLI","AMPLITUD","LTRENDIDX","M","2019-07",101.0845,
"ESP","CLI","AMPLITUD","LTRENDIDX","M","2019-08",100.9182,
"ESP","CLI","AMPLITUD","LTRENDIDX","M","2019-09",100.7213,
"ESP","CLI","AMPLITUD","LTRENDIDX","M","2019-10",100.4758,
"ESP","CLI","AMPLITUD","LTRENDIDX","M","2019-11",100.1676,
"ESP","CLI","AMPLITUD","LTRENDIDX","M","2019-12",99.78353,
"ESP","CLI","AMPLITUD","LTRENDIDX","M","2020-01",99.31625,
"ESP","CLI","AMPLITUD","LTRENDIDX","M","2020-02",98.75563,
"ESP","CLI","AMPLITUD","LTRENDIDX","M","2020-03",95.5005,
"ESP","CLI","AMPLITUD","LTRENDIDX","M","2020-04",92.19133,
"ESP","CLI","AMPLITUD","LTRENDIDX","M","2020-05",93.27582,
"ESP","CLI","AMPLITUD","LTRENDIDX","M","2020-06",95.43594,
"ESP","CLI","AMPLITUD","LTRENDIDX","M","2020-07",95.21649,
"ESP","CLI","AMPLITUD","LTRENDIDX","M","2020-08",94.31528,
"ESP","CLI","AMPLITUD","LTRENDIDX","M","2020-09",94.30508,
"TUR","CLI","AMPLITUD","LTRENDIDX","M","2019-01",96.25636,
"TUR","CLI","AMPLITUD","LTRENDIDX","M","2019-02",96.69525,
"TUR","CLI","AMPLITUD","LTRENDIDX","M","2019-03",97.1627,
"TUR","CLI","AMPLITUD","LTRENDIDX","M","2019-04",97.59652,
"TUR","CLI","AMPLITUD","LTRENDIDX","M","2019-05",97.95786,
"TUR","CLI","AMPLITUD","LTRENDIDX","M","2019-06",98.31481,
"TUR","CLI","AMPLITUD","LTRENDIDX","M","2019-07",98.71612,
"TUR","CLI","AMPLITUD","LTRENDIDX","M","2019-08",99.19243,
"TUR","CLI","AMPLITUD","LTRENDIDX","M","2019-09",99.6935,
"TUR","CLI","AMPLITUD","LTRENDIDX","M","2019-10",100.1989,
"TUR","CLI","AMPLITUD","LTRENDIDX","M","2019-11",100.5966,
"TUR","CLI","AMPLITUD","LTRENDIDX","M","2019-12",100.8238,
"TUR","CLI","AMPLITUD","LTRENDIDX","M","2020-01",100.8095,
"TUR","CLI","AMPLITUD","LTRENDIDX","M","2020-02",100.5575,
"TUR","CLI","AMPLITUD","LTRENDIDX","M","2020-03",100.1881,
"TUR","CLI","AMPLITUD","LTRENDIDX","M","2020-04",79.87157,
"TUR","CLI","AMPLITUD","LTRENDIDX","M","2020-05",91.41885,
"TUR","CLI","AMPLITUD","LTRENDIDX","M","2020-06",99.64056,
"TUR","CLI","AMPLITUD","LTRENDIDX","M","2020-07",100.5523,
"TUR","CLI","AMPLITUD","LTRENDIDX","M","2020-08",101.3482,
"TUR","CLI","AMPLITUD","LTRENDIDX","M","2020-09",101.7216,
"CHL","CLI","AMPLITUD","LTRENDIDX","M","2019-01",99.63551,
"CHL","CLI","AMPLITUD","LTRENDIDX","M","2019-02",99.35523,
"CHL","CLI","AMPLITUD","LTRENDIDX","M","2019-03",99.15129,
"CHL","CLI","AMPLITUD","LTRENDIDX","M","2019-04",99.0007,
"CHL","CLI","AMPLITUD","LTRENDIDX","M","2019-05",98.89061,
"CHL","CLI","AMPLITUD","LTRENDIDX","M","2019-06",98.84707,
"CHL","CLI","AMPLITUD","LTRENDIDX","M","2019-07",98.85122,
"CHL","CLI","AMPLITUD","LTRENDIDX","M","2019-08",98.86087,
"CHL","CLI","AMPLITUD","LTRENDIDX","M","2019-09",98.85564,
"CHL","CLI","AMPLITUD","LTRENDIDX","M","2019-10",98.87445,
"CHL","CLI","AMPLITUD","LTRENDIDX","M","2019-11",98.93945,
"CHL","CLI","AMPLITUD","LTRENDIDX","M","2019-12",99.07865,
"CHL","CLI","AMPLITUD","LTRENDIDX","M","2020-01",99.25261,
"CHL","CLI","AMPLITUD","LTRENDIDX","M","2020-02",99.54018,
"CHL","CLI","AMPLITUD","LTRENDIDX","M","2020-03",97.94917,
"CHL","CLI","AMPLITUD","LTRENDIDX","M","2020-04",95.44699,
"CHL","CLI","AMPLITUD","LTRENDIDX","M","2020-05",97.72434,
"CHL","CLI","AMPLITUD","LTRENDIDX","M","2020-06",99.40626,
"CHL","CLI","AMPLITUD","LTRENDIDX","M","2020-07",99.8461,
"CHL","CLI","AMPLITUD","LTRENDIDX","M","2020-08",101.0593,
"CHL","CLI","AMPLITUD","LTRENDIDX","M","2020-09",101.6183,
"ITA","CLI","AMPLITUD","LTRENDIDX","M","2019-01",100.1785,
"ITA","CLI","AMPLITUD","LTRENDIDX","M","2019-02",100.0393,
"ITA","CLI","AMPLITUD","LTRENDIDX","M","2019-03",99.93024,
"ITA","CLI","AMPLITUD","LTRENDIDX","M","2019-04",99.86269,
"ITA","CLI","AMPLITUD","LTRENDIDX","M","2019-05",99.82267,
"ITA","CLI","AMPLITUD","LTRENDIDX","M","2019-06",99.78677,
"ITA","CLI","AMPLITUD","LTRENDIDX","M","2019-07",99.75795,
"ITA","CLI","AMPLITUD","LTRENDIDX","M","2019-08",99.73454,
"ITA","CLI","AMPLITUD","LTRENDIDX","M","2019-09",99.71821,
"ITA","CLI","AMPLITUD","LTRENDIDX","M","2019-10",99.69887,
"ITA","CLI","AMPLITUD","LTRENDIDX","M","2019-11",99.66557,
"ITA","CLI","AMPLITUD","LTRENDIDX","M","2019-12",99.61076,
"ITA","CLI","AMPLITUD","LTRENDIDX","M","2020-01",99.52062,
"ITA","CLI","AMPLITUD","LTRENDIDX","M","2020-02",99.39054,
"ITA","CLI","AMPLITUD","LTRENDIDX","M","2020-03",95.60695,
"ITA","CLI","AMPLITUD","LTRENDIDX","M","2020-04",91.44426,
"ITA","CLI","AMPLITUD","LTRENDIDX","M","2020-05",94.23744,
"ITA","CLI","AMPLITUD","LTRENDIDX","M","2020-06",96.889,
"ITA","CLI","AMPLITUD","LTRENDIDX","M","2020-07",97.52839,
"ITA","CLI","AMPLITUD","LTRENDIDX","M","2020-08",97.879,
"ITA","CLI","AMPLITUD","LTRENDIDX","M","2020-09",98.17672,
"IDN","CLI","AMPLITUD","LTRENDIDX","M","2019-01",99.5675,
"IDN","CLI","AMPLITUD","LTRENDIDX","M","2019-02",99.68974,
"IDN","CLI","AMPLITUD","LTRENDIDX","M","2019-03",99.79601,
"IDN","CLI","AMPLITUD","LTRENDIDX","M","2019-04",99.89149,
"IDN","CLI","AMPLITUD","LTRENDIDX","M","2019-05",99.98754,
"IDN","CLI","AMPLITUD","LTRENDIDX","M","2019-06",100.1049,
"IDN","CLI","AMPLITUD","LTRENDIDX","M","2019-07",100.2314,
"IDN","CLI","AMPLITUD","LTRENDIDX","M","2019-08",100.344,
"IDN","CLI","AMPLITUD","LTRENDIDX","M","2019-09",100.4263,
"IDN","CLI","AMPLITUD","LTRENDIDX","M","2019-10",100.4713,
"IDN","CLI","AMPLITUD","LTRENDIDX","M","2019-11",100.4678,
"IDN","CLI","AMPLITUD","LTRENDIDX","M","2019-12",100.3929,
"IDN","CLI","AMPLITUD","LTRENDIDX","M","2020-01",100.2493,
"IDN","CLI","AMPLITUD","LTRENDIDX","M","2020-02",98.69094,
"IDN","CLI","AMPLITUD","LTRENDIDX","M","2020-03",95.5818,
"IDN","CLI","AMPLITUD","LTRENDIDX","M","2020-04",92.07562,
"IDN","CLI","AMPLITUD","LTRENDIDX","M","2020-05",91.49964,
"IDN","CLI","AMPLITUD","LTRENDIDX","M","2020-06",91.99329,
"IDN","CLI","AMPLITUD","LTRENDIDX","M","2020-07",92.26981,
"IDN","CLI","AMPLITUD","LTRENDIDX","M","2020-08",93.06287,
"IDN","CLI","AMPLITUD","LTRENDIDX","M","2020-09",93.23045,
"IRL","CLI","AMPLITUD","LTRENDIDX","M","2019-01",98.92473,
"IRL","CLI","AMPLITUD","LTRENDIDX","M","2019-02",99.12624,
"IRL","CLI","AMPLITUD","LTRENDIDX","M","2019-03",99.34217,
"IRL","CLI","AMPLITUD","LTRENDIDX","M","2019-04",99.51989,
"IRL","CLI","AMPLITUD","LTRENDIDX","M","2019-05",99.61943,
"IRL","CLI","AMPLITUD","LTRENDIDX","M","2019-06",99.70486,
"IRL","CLI","AMPLITUD","LTRENDIDX","M","2019-07",99.81641,
"IRL","CLI","AMPLITUD","LTRENDIDX","M","2019-08",99.93813,
"IRL","CLI","AMPLITUD","LTRENDIDX","M","2019-09",100.0808,
"IRL","CLI","AMPLITUD","LTRENDIDX","M","2019-10",100.2106,
"IRL","CLI","AMPLITUD","LTRENDIDX","M","2019-11",100.2577,
"IRL","CLI","AMPLITUD","LTRENDIDX","M","2019-12",100.1958,
"IRL","CLI","AMPLITUD","LTRENDIDX","M","2020-01",100.0194,
"IRL","CLI","AMPLITUD","LTRENDIDX","M","2020-02",99.76624,
"IRL","CLI","AMPLITUD","LTRENDIDX","M","2020-03",98.73968,
"IRL","CLI","AMPLITUD","LTRENDIDX","M","2020-04",93.33814,
"IRL","CLI","AMPLITUD","LTRENDIDX","M","2020-05",94.07337,
"IRL","CLI","AMPLITUD","LTRENDIDX","M","2020-06",97.53185,
"IRL","CLI","AMPLITUD","LTRENDIDX","M","2020-07",99.13783,
"IRL","CLI","AMPLITUD","LTRENDIDX","M","2020-08",99.32848,
"IRL","CLI","AMPLITUD","LTRENDIDX","M","2020-09",99.34051,
"FIN","CLI","AMPLITUD","LTRENDIDX","M","2019-01",100.1649,
"FIN","CLI","AMPLITUD","LTRENDIDX","M","2019-02",99.98676,
"FIN","CLI","AMPLITUD","LTRENDIDX","M","2019-03",99.83578,
"FIN","CLI","AMPLITUD","LTRENDIDX","M","2019-04",99.71233,
"FIN","CLI","AMPLITUD","LTRENDIDX","M","2019-05",99.62253,
"FIN","CLI","AMPLITUD","LTRENDIDX","M","2019-06",99.55047,
"FIN","CLI","AMPLITUD","LTRENDIDX","M","2019-07",99.49114,
"FIN","CLI","AMPLITUD","LTRENDIDX","M","2019-08",99.4626,
"FIN","CLI","AMPLITUD","LTRENDIDX","M","2019-09",99.46603,
"FIN","CLI","AMPLITUD","LTRENDIDX","M","2019-10",99.4921,
"FIN","CLI","AMPLITUD","LTRENDIDX","M","2019-11",99.53331,
"FIN","CLI","AMPLITUD","LTRENDIDX","M","2019-12",99.58569,
"FIN","CLI","AMPLITUD","LTRENDIDX","M","2020-01",99.64524,
"FIN","CLI","AMPLITUD","LTRENDIDX","M","2020-02",99.69759,
"FIN","CLI","AMPLITUD","LTRENDIDX","M","2020-03",99.23099,
"FIN","CLI","AMPLITUD","LTRENDIDX","M","2020-04",97.14463,
"FIN","CLI","AMPLITUD","LTRENDIDX","M","2020-05",98.0295,
"FIN","CLI","AMPLITUD","LTRENDIDX","M","2020-06",99.02921,
"FIN","CLI","AMPLITUD","LTRENDIDX","M","2020-07",99.88418,
"FIN","CLI","AMPLITUD","LTRENDIDX","M","2020-08",99.87541,
"FIN","CLI","AMPLITUD","LTRENDIDX","M","2020-09",99.8653,
"DNK","CLI","AMPLITUD","LTRENDIDX","M","2019-01",100.4323,
"DNK","CLI","AMPLITUD","LTRENDIDX","M","2019-02",100.3937,
"DNK","CLI","AMPLITUD","LTRENDIDX","M","2019-03",100.328,
"DNK","CLI","AMPLITUD","LTRENDIDX","M","2019-04",100.2195,
"DNK","CLI","AMPLITUD","LTRENDIDX","M","2019-05",100.0959,
"DNK","CLI","AMPLITUD","LTRENDIDX","M","2019-06",99.98488,
"DNK","CLI","AMPLITUD","LTRENDIDX","M","2019-07",99.89579,
"DNK","CLI","AMPLITUD","LTRENDIDX","M","2019-08",99.8572,
"DNK","CLI","AMPLITUD","LTRENDIDX","M","2019-09",99.84926,
"DNK","CLI","AMPLITUD","LTRENDIDX","M","2019-10",99.83625,
"DNK","CLI","AMPLITUD","LTRENDIDX","M","2019-11",99.79606,
"DNK","CLI","AMPLITUD","LTRENDIDX","M","2019-12",99.71259,
"DNK","CLI","AMPLITUD","LTRENDIDX","M","2020-01",99.59054,
"DNK","CLI","AMPLITUD","LTRENDIDX","M","2020-02",99.47082,
"DNK","CLI","AMPLITUD","LTRENDIDX","M","2020-03",97.45461,
"DNK","CLI","AMPLITUD","LTRENDIDX","M","2020-04",95.42574,
"DNK","CLI","AMPLITUD","LTRENDIDX","M","2020-05",97.31329,
"DNK","CLI","AMPLITUD","LTRENDIDX","M","2020-06",99.04005,
"DNK","CLI","AMPLITUD","LTRENDIDX","M","2020-07",99.58355,
"DNK","CLI","AMPLITUD","LTRENDIDX","M","2020-08",99.65365,
"DNK","CLI","AMPLITUD","LTRENDIDX","M","2020-09",99.70245,
"AUT","CLI","AMPLITUD","LTRENDIDX","M","2019-01",101.0764,
"AUT","CLI","AMPLITUD","LTRENDIDX","M","2019-02",100.8421,
"AUT","CLI","AMPLITUD","LTRENDIDX","M","2019-03",100.6237,
"AUT","CLI","AMPLITUD","LTRENDIDX","M","2019-04",100.4297,
"AUT","CLI","AMPLITUD","LTRENDIDX","M","2019-05",100.2547,
"AUT","CLI","AMPLITUD","LTRENDIDX","M","2019-06",100.0883,
"AUT","CLI","AMPLITUD","LTRENDIDX","M","2019-07",99.9489,
"AUT","CLI","AMPLITUD","LTRENDIDX","M","2019-08",99.84132,
"AUT","CLI","AMPLITUD","LTRENDIDX","M","2019-09",99.75414,
"AUT","CLI","AMPLITUD","LTRENDIDX","M","2019-10",99.66953,
"AUT","CLI","AMPLITUD","LTRENDIDX","M","2019-11",99.57786,
"AUT","CLI","AMPLITUD","LTRENDIDX","M","2019-12",99.46746,
"AUT","CLI","AMPLITUD","LTRENDIDX","M","2020-01",99.33147,
"AUT","CLI","AMPLITUD","LTRENDIDX","M","2020-02",99.17806,
"AUT","CLI","AMPLITUD","LTRENDIDX","M","2020-03",97.9606,
"AUT","CLI","AMPLITUD","LTRENDIDX","M","2020-04",94.6608,
"AUT","CLI","AMPLITUD","LTRENDIDX","M","2020-05",95.6628,
"AUT","CLI","AMPLITUD","LTRENDIDX","M","2020-06",97.40228,
"AUT","CLI","AMPLITUD","LTRENDIDX","M","2020-07",97.54662,
"AUT","CLI","AMPLITUD","LTRENDIDX","M","2020-08",97.89378,
"AUT","CLI","AMPLITUD","LTRENDIDX","M","2020-09",98.32138,
"GRC","CLI","AMPLITUD","LTRENDIDX","M","2019-01",99.59949,
"GRC","CLI","AMPLITUD","LTRENDIDX","M","2019-02",99.68855,
"GRC","CLI","AMPLITUD","LTRENDIDX","M","2019-03",99.76289,
"GRC","CLI","AMPLITUD","LTRENDIDX","M","2019-04",99.85099,
"GRC","CLI","AMPLITUD","LTRENDIDX","M","2019-05",99.98492,
"GRC","CLI","AMPLITUD","LTRENDIDX","M","2019-06",100.1661,
"GRC","CLI","AMPLITUD","LTRENDIDX","M","2019-07",100.3711,
"GRC","CLI","AMPLITUD","LTRENDIDX","M","2019-08",100.5512,
"GRC","CLI","AMPLITUD","LTRENDIDX","M","2019-09",100.6539,
"GRC","CLI","AMPLITUD","LTRENDIDX","M","2019-10",100.6578,
"GRC","CLI","AMPLITUD","LTRENDIDX","M","2019-11",100.6256,
"GRC","CLI","AMPLITUD","LTRENDIDX","M","2019-12",100.5592,
"GRC","CLI","AMPLITUD","LTRENDIDX","M","2020-01",100.4143,
"GRC","CLI","AMPLITUD","LTRENDIDX","M","2020-02",100.1313,
"GRC","CLI","AMPLITUD","LTRENDIDX","M","2020-03",99.68636,
"GRC","CLI","AMPLITUD","LTRENDIDX","M","2020-04",96.06311,
"GRC","CLI","AMPLITUD","LTRENDIDX","M","2020-05",96.71215,
"GRC","CLI","AMPLITUD","LTRENDIDX","M","2020-06",96.96266,
"GRC","CLI","AMPLITUD","LTRENDIDX","M","2020-07",97.69409,
"GRC","CLI","AMPLITUD","LTRENDIDX","M","2020-08",97.6567,
"GRC","CLI","AMPLITUD","LTRENDIDX","M","2020-09",97.51584,
"EST","CLI","AMPLITUD","LTRENDIDX","M","2019-01",100.7314,
"EST","CLI","AMPLITUD","LTRENDIDX","M","2019-02",100.8648,
"EST","CLI","AMPLITUD","LTRENDIDX","M","2019-03",100.8064,
"EST","CLI","AMPLITUD","LTRENDIDX","M","2019-04",100.5746,
"EST","CLI","AMPLITUD","LTRENDIDX","M","2019-05",100.1909,
"EST","CLI","AMPLITUD","LTRENDIDX","M","2019-06",99.70317,
"EST","CLI","AMPLITUD","LTRENDIDX","M","2019-07",99.19176,
"EST","CLI","AMPLITUD","LTRENDIDX","M","2019-08",98.73465,
"EST","CLI","AMPLITUD","LTRENDIDX","M","2019-09",98.46098,
"EST","CLI","AMPLITUD","LTRENDIDX","M","2019-10",98.49393,
"EST","CLI","AMPLITUD","LTRENDIDX","M","2019-11",98.73698,
"EST","CLI","AMPLITUD","LTRENDIDX","M","2019-12",99.02441,
"EST","CLI","AMPLITUD","LTRENDIDX","M","2020-01",99.32983,
"EST","CLI","AMPLITUD","LTRENDIDX","M","2020-02",99.43785,
"EST","CLI","AMPLITUD","LTRENDIDX","M","2020-03",99.45603,
"EST","CLI","AMPLITUD","LTRENDIDX","M","2020-04",88.23691,
"EST","CLI","AMPLITUD","LTRENDIDX","M","2020-05",91.15006,
"EST","CLI","AMPLITUD","LTRENDIDX","M","2020-06",94.49078,
"EST","CLI","AMPLITUD","LTRENDIDX","M","2020-07",97.14214,
"EST","CLI","AMPLITUD","LTRENDIDX","M","2020-08",98.79519,
"EST","CLI","AMPLITUD","LTRENDIDX","M","2020-09",98.79538,
"SVN","CLI","AMPLITUD","LTRENDIDX","M","2019-01",100.797,
"SVN","CLI","AMPLITUD","LTRENDIDX","M","2019-02",100.6924,
"SVN","CLI","AMPLITUD","LTRENDIDX","M","2019-03",100.5214,
"SVN","CLI","AMPLITUD","LTRENDIDX","M","2019-04",100.3129,
"SVN","CLI","AMPLITUD","LTRENDIDX","M","2019-05",100.0753,
"SVN","CLI","AMPLITUD","LTRENDIDX","M","2019-06",99.81564,
"SVN","CLI","AMPLITUD","LTRENDIDX","M","2019-07",99.57359,
"SVN","CLI","AMPLITUD","LTRENDIDX","M","2019-08",99.33134,
"SVN","CLI","AMPLITUD","LTRENDIDX","M","2019-09",99.05692,
"SVN","CLI","AMPLITUD","LTRENDIDX","M","2019-10",98.77953,
"SVN","CLI","AMPLITUD","LTRENDIDX","M","2019-11",98.53865,
"SVN","CLI","AMPLITUD","LTRENDIDX","M","2019-12",98.3757,
"SVN","CLI","AMPLITUD","LTRENDIDX","M","2020-01",98.31031,
"SVN","CLI","AMPLITUD","LTRENDIDX","M","2020-02",98.23447,
"SVN","CLI","AMPLITUD","LTRENDIDX","M","2020-03",98.10571,
"SVN","CLI","AMPLITUD","LTRENDIDX","M","2020-04",91.80917,
"SVN","CLI","AMPLITUD","LTRENDIDX","M","2020-05",89.37398,
"SVN","CLI","AMPLITUD","LTRENDIDX","M","2020-06",90.03217,
"SVN","CLI","AMPLITUD","LTRENDIDX","M","2020-07",91.84359,
"SVN","CLI","AMPLITUD","LTRENDIDX","M","2020-08",94.46253,
"SVN","CLI","AMPLITUD","LTRENDIDX","M","2020-09",95.76971,
"KOR","CLI","AMPLITUD","LTRENDIDX","M","2019-01",99.64379,
"KOR","CLI","AMPLITUD","LTRENDIDX","M","2019-02",99.59007,
"KOR","CLI","AMPLITUD","LTRENDIDX","M","2019-03",99.51505,
"KOR","CLI","AMPLITUD","LTRENDIDX","M","2019-04",99.41718,
"KOR","CLI","AMPLITUD","LTRENDIDX","M","2019-05",99.32301,
"KOR","CLI","AMPLITUD","LTRENDIDX","M","2019-06",99.25206,
"KOR","CLI","AMPLITUD","LTRENDIDX","M","2019-07",99.20099,
"KOR","CLI","AMPLITUD","LTRENDIDX","M","2019-08",99.18655,
"KOR","CLI","AMPLITUD","LTRENDIDX","M","2019-09",99.21487,
"KOR","CLI","AMPLITUD","LTRENDIDX","M","2019-10",99.28976,
"KOR","CLI","AMPLITUD","LTRENDIDX","M","2019-11",99.38956,
"KOR","CLI","AMPLITUD","LTRENDIDX","M","2019-12",99.47597,
"KOR","CLI","AMPLITUD","LTRENDIDX","M","2020-01",99.51408,
"KOR","CLI","AMPLITUD","LTRENDIDX","M","2020-02",99.51304,
"KOR","CLI","AMPLITUD","LTRENDIDX","M","2020-03",99.50272,
"KOR","CLI","AMPLITUD","LTRENDIDX","M","2020-04",99.52453,
"KOR","CLI","AMPLITUD","LTRENDIDX","M","2020-05",99.59518,
"KOR","CLI","AMPLITUD","LTRENDIDX","M","2020-06",99.73397,
"KOR","CLI","AMPLITUD","LTRENDIDX","M","2020-07",99.9224,
"KOR","CLI","AMPLITUD","LTRENDIDX","M","2020-08",100.1213,
"KOR","CLI","AMPLITUD","LTRENDIDX","M","2020-09",100.3035,
"JPN","CLI","AMPLITUD","LTRENDIDX","M","2019-01",100.507,
"JPN","CLI","AMPLITUD","LTRENDIDX","M","2019-02",100.4477,
"JPN","CLI","AMPLITUD","LTRENDIDX","M","2019-03",100.3925,
"JPN","CLI","AMPLITUD","LTRENDIDX","M","2019-04",100.3318,
"JPN","CLI","AMPLITUD","LTRENDIDX","M","2019-05",100.2647,
"JPN","CLI","AMPLITUD","LTRENDIDX","M","2019-06",100.1917,
"JPN","CLI","AMPLITUD","LTRENDIDX","M","2019-07",100.1246,
"JPN","CLI","AMPLITUD","LTRENDIDX","M","2019-08",100.0614,
"JPN","CLI","AMPLITUD","LTRENDIDX","M","2019-09",100.0012,
"JPN","CLI","AMPLITUD","LTRENDIDX","M","2019-10",99.93243,
"JPN","CLI","AMPLITUD","LTRENDIDX","M","2019-11",99.85537,
"JPN","CLI","AMPLITUD","LTRENDIDX","M","2019-12",99.76112,
"JPN","CLI","AMPLITUD","LTRENDIDX","M","2020-01",99.63574,
"JPN","CLI","AMPLITUD","LTRENDIDX","M","2020-02",99.46796,
"JPN","CLI","AMPLITUD","LTRENDIDX","M","2020-03",98.94041,
"JPN","CLI","AMPLITUD","LTRENDIDX","M","2020-04",98.33506,
"JPN","CLI","AMPLITUD","LTRENDIDX","M","2020-05",97.81208,
"JPN","CLI","AMPLITUD","LTRENDIDX","M","2020-06",97.83479,
"JPN","CLI","AMPLITUD","LTRENDIDX","M","2020-07",98.23988,
"JPN","CLI","AMPLITUD","LTRENDIDX","M","2020-08",98.59322,
"JPN","CLI","AMPLITUD","LTRENDIDX","M","2020-09",98.76006,
"POL","CLI","AMPLITUD","LTRENDIDX","M","2019-01",99.37443,
"POL","CLI","AMPLITUD","LTRENDIDX","M","2019-02",99.29324,
"POL","CLI","AMPLITUD","LTRENDIDX","M","2019-03",99.19023,
"POL","CLI","AMPLITUD","LTRENDIDX","M","2019-04",99.05197,
"POL","CLI","AMPLITUD","LTRENDIDX","M","2019-05",98.8802,
"POL","CLI","AMPLITUD","LTRENDIDX","M","2019-06",98.67796,
"POL","CLI","AMPLITUD","LTRENDIDX","M","2019-07",98.4689,
"POL","CLI","AMPLITUD","LTRENDIDX","M","2019-08",98.2702,
"POL","CLI","AMPLITUD","LTRENDIDX","M","2019-09",98.08359,
"POL","CLI","AMPLITUD","LTRENDIDX","M","2019-10",97.92535,
"POL","CLI","AMPLITUD","LTRENDIDX","M","2019-11",97.82781,
"POL","CLI","AMPLITUD","LTRENDIDX","M","2019-12",97.81181,
"POL","CLI","AMPLITUD","LTRENDIDX","M","2020-01",97.90345,
"POL","CLI","AMPLITUD","LTRENDIDX","M","2020-02",98.13042,
"POL","CLI","AMPLITUD","LTRENDIDX","M","2020-03",97.5676,
"POL","CLI","AMPLITUD","LTRENDIDX","M","2020-04",96.27827,
"POL","CLI","AMPLITUD","LTRENDIDX","M","2020-05",94.41566,
"POL","CLI","AMPLITUD","LTRENDIDX","M","2020-06",95.55699,
"POL","CLI","AMPLITUD","LTRENDIDX","M","2020-07",96.88821,
"POL","CLI","AMPLITUD","LTRENDIDX","M","2020-08",97.93588,
"POL","CLI","AMPLITUD","LTRENDIDX","M","2020-09",98.49371,
"FRA","CLI","AMPLITUD","LTRENDIDX","M","2019-01",99.34306,
"FRA","CLI","AMPLITUD","LTRENDIDX","M","2019-02",99.34161,
"FRA","CLI","AMPLITUD","LTRENDIDX","M","2019-03",99.33424,
"FRA","CLI","AMPLITUD","LTRENDIDX","M","2019-04",99.3213,
"FRA","CLI","AMPLITUD","LTRENDIDX","M","2019-05",99.32027,
"FRA","CLI","AMPLITUD","LTRENDIDX","M","2019-06",99.33694,
"FRA","CLI","AMPLITUD","LTRENDIDX","M","2019-07",99.37791,
"FRA","CLI","AMPLITUD","LTRENDIDX","M","2019-08",99.42933,
"FRA","CLI","AMPLITUD","LTRENDIDX","M","2019-09",99.47924,
"FRA","CLI","AMPLITUD","LTRENDIDX","M","2019-10",99.50426,
"FRA","CLI","AMPLITUD","LTRENDIDX","M","2019-11",99.49439,
"FRA","CLI","AMPLITUD","LTRENDIDX","M","2019-12",99.44412,
"FRA","CLI","AMPLITUD","LTRENDIDX","M","2020-01",99.3736,
"FRA","CLI","AMPLITUD","LTRENDIDX","M","2020-02",99.30836,
"FRA","CLI","AMPLITUD","LTRENDIDX","M","2020-03",95.45032,
"FRA","CLI","AMPLITUD","LTRENDIDX","M","2020-04",89.28277,
"FRA","CLI","AMPLITUD","LTRENDIDX","M","2020-05",93.25898,
"FRA","CLI","AMPLITUD","LTRENDIDX","M","2020-06",97.18229,
"FRA","CLI","AMPLITUD","LTRENDIDX","M","2020-07",97.21232,
"FRA","CLI","AMPLITUD","LTRENDIDX","M","2020-08",97.23869,
"FRA","CLI","AMPLITUD","LTRENDIDX","M","2020-09",97.269,
"USA","CLI","AMPLITUD","LTRENDIDX","M","2019-01",99.93329,
"USA","CLI","AMPLITUD","LTRENDIDX","M","2019-02",99.77275,
"USA","CLI","AMPLITUD","LTRENDIDX","M","2019-03",99.64391,
"USA","CLI","AMPLITUD","LTRENDIDX","M","2019-04",99.53013,
"USA","CLI","AMPLITUD","LTRENDIDX","M","2019-05",99.43102,
"USA","CLI","AMPLITUD","LTRENDIDX","M","2019-06",99.34997,
"USA","CLI","AMPLITUD","LTRENDIDX","M","2019-07",99.29013,
"USA","CLI","AMPLITUD","LTRENDIDX","M","2019-08",99.25677,
"USA","CLI","AMPLITUD","LTRENDIDX","M","2019-09",99.27485,
"USA","CLI","AMPLITUD","LTRENDIDX","M","2019-10",99.33766,
"USA","CLI","AMPLITUD","LTRENDIDX","M","2019-11",99.41982,
"USA","CLI","AMPLITUD","LTRENDIDX","M","2019-12",99.48774,
"USA","CLI","AMPLITUD","LTRENDIDX","M","2020-01",99.50383,
"USA","CLI","AMPLITUD","LTRENDIDX","M","2020-02",99.44881,
"USA","CLI","AMPLITUD","LTRENDIDX","M","2020-03",97.82848,
"USA","CLI","AMPLITUD","LTRENDIDX","M","2020-04",92.77975,
"USA","CLI","AMPLITUD","LTRENDIDX","M","2020-05",94.3581,
"USA","CLI","AMPLITUD","LTRENDIDX","M","2020-06",96.19939,
"USA","CLI","AMPLITUD","LTRENDIDX","M","2020-07",97.57684,
"USA","CLI","AMPLITUD","LTRENDIDX","M","2020-08",98.15066,
"USA","CLI","AMPLITUD","LTRENDIDX","M","2020-09",98.5764,
"CZE","CLI","AMPLITUD","LTRENDIDX","M","2019-01",101.1684,
"CZE","CLI","AMPLITUD","LTRENDIDX","M","2019-02",100.9804,
"CZE","CLI","AMPLITUD","LTRENDIDX","M","2019-03",100.7735,
"CZE","CLI","AMPLITUD","LTRENDIDX","M","2019-04",100.5577,
"CZE","CLI","AMPLITUD","LTRENDIDX","M","2019-05",100.3391,
"CZE","CLI","AMPLITUD","LTRENDIDX","M","2019-06",100.1441,
"CZE","CLI","AMPLITUD","LTRENDIDX","M","2019-07",99.98359,
"CZE","CLI","AMPLITUD","LTRENDIDX","M","2019-08",99.8361,
"CZE","CLI","AMPLITUD","LTRENDIDX","M","2019-09",99.66808,
"CZE","CLI","AMPLITUD","LTRENDIDX","M","2019-10",99.43211,
"CZE","CLI","AMPLITUD","LTRENDIDX","M","2019-11",99.12554,
"CZE","CLI","AMPLITUD","LTRENDIDX","M","2019-12",98.74403,
"CZE","CLI","AMPLITUD","LTRENDIDX","M","2020-01",98.33587,
"CZE","CLI","AMPLITUD","LTRENDIDX","M","2020-02",97.95074,
"CZE","CLI","AMPLITUD","LTRENDIDX","M","2020-03",95.22792,
"CZE","CLI","AMPLITUD","LTRENDIDX","M","2020-04",86.08563,
"CZE","CLI","AMPLITUD","LTRENDIDX","M","2020-05",89.70932,
"CZE","CLI","AMPLITUD","LTRENDIDX","M","2020-06",93.8252,
"CZE","CLI","AMPLITUD","LTRENDIDX","M","2020-07",96.14149,
"CZE","CLI","AMPLITUD","LTRENDIDX","M","2020-08",96.78324,
"CZE","CLI","AMPLITUD","LTRENDIDX","M","2020-09",97.40413,
"IND","CLI","AMPLITUD","LTRENDIDX","M","2019-01",100.6461,
"IND","CLI","AMPLITUD","LTRENDIDX","M","2019-02",100.5443,
"IND","CLI","AMPLITUD","LTRENDIDX","M","2019-03",100.4466,
"IND","CLI","AMPLITUD","LTRENDIDX","M","2019-04",100.3571,
"IND","CLI","AMPLITUD","LTRENDIDX","M","2019-05",100.2768,
"IND","CLI","AMPLITUD","LTRENDIDX","M","2019-06",100.2077,
"IND","CLI","AMPLITUD","LTRENDIDX","M","2019-07",100.1523,
"IND","CLI","AMPLITUD","LTRENDIDX","M","2019-08",100.1129,
"IND","CLI","AMPLITUD","LTRENDIDX","M","2019-09",100.0908,
"IND","CLI","AMPLITUD","LTRENDIDX","M","2019-10",100.0858,
"IND","CLI","AMPLITUD","LTRENDIDX","M","2019-11",100.0961,
"IND","CLI","AMPLITUD","LTRENDIDX","M","2019-12",100.1195,
"IND","CLI","AMPLITUD","LTRENDIDX","M","2020-01",100.1552,
"IND","CLI","AMPLITUD","LTRENDIDX","M","2020-02",100.2034,
"IND","CLI","AMPLITUD","LTRENDIDX","M","2020-03",90.59174,
"IND","CLI","AMPLITUD","LTRENDIDX","M","2020-04",73.18352,
"IND","CLI","AMPLITUD","LTRENDIDX","M","2020-05",85.75385,
"IND","CLI","AMPLITUD","LTRENDIDX","M","2020-06",90.71081,
"IND","CLI","AMPLITUD","LTRENDIDX","M","2020-07",95.17753,
"IND","CLI","AMPLITUD","LTRENDIDX","M","2020-08",96.70436,
"IND","CLI","AMPLITUD","LTRENDIDX","M","2020-09",96.78062,
"DEU","CLI","AMPLITUD","LTRENDIDX","M","2019-01",100.2438,
"DEU","CLI","AMPLITUD","LTRENDIDX","M","2019-02",100.0342,
"DEU","CLI","AMPLITUD","LTRENDIDX","M","2019-03",99.83073,
"DEU","CLI","AMPLITUD","LTRENDIDX","M","2019-04",99.63169,
"DEU","CLI","AMPLITUD","LTRENDIDX","M","2019-05",99.43394,
"DEU","CLI","AMPLITUD","LTRENDIDX","M","2019-06",99.2404,
"DEU","CLI","AMPLITUD","LTRENDIDX","M","2019-07",99.07695,
"DEU","CLI","AMPLITUD","LTRENDIDX","M","2019-08",98.98414,
"DEU","CLI","AMPLITUD","LTRENDIDX","M","2019-09",98.96622,
"DEU","CLI","AMPLITUD","LTRENDIDX","M","2019-10",99.01274,
"DEU","CLI","AMPLITUD","LTRENDIDX","M","2019-11",99.09459,
"DEU","CLI","AMPLITUD","LTRENDIDX","M","2019-12",99.18136,
"DEU","CLI","AMPLITUD","LTRENDIDX","M","2020-01",99.25171,
"DEU","CLI","AMPLITUD","LTRENDIDX","M","2020-02",99.28136,
"DEU","CLI","AMPLITUD","LTRENDIDX","M","2020-03",96.71894,
"DEU","CLI","AMPLITUD","LTRENDIDX","M","2020-04",91.79338,
"DEU","CLI","AMPLITUD","LTRENDIDX","M","2020-05",93.5482,
"DEU","CLI","AMPLITUD","LTRENDIDX","M","2020-06",98.00081,
"DEU","CLI","AMPLITUD","LTRENDIDX","M","2020-07",99.10993,
"DEU","CLI","AMPLITUD","LTRENDIDX","M","2020-08",99.32531,
"DEU","CLI","AMPLITUD","LTRENDIDX","M","2020-09",99.54069,
"AUS","CLI","AMPLITUD","LTRENDIDX","M","2019-01",99.47736,
"AUS","CLI","AMPLITUD","LTRENDIDX","M","2019-02",99.57423,
"AUS","CLI","AMPLITUD","LTRENDIDX","M","2019-03",99.69399,
"AUS","CLI","AMPLITUD","LTRENDIDX","M","2019-04",99.82545,
"AUS","CLI","AMPLITUD","LTRENDIDX","M","2019-05",99.94698,
"AUS","CLI","AMPLITUD","LTRENDIDX","M","2019-06",100.0369,
"AUS","CLI","AMPLITUD","LTRENDIDX","M","2019-07",100.0836,
"AUS","CLI","AMPLITUD","LTRENDIDX","M","2019-08",100.0981,
"AUS","CLI","AMPLITUD","LTRENDIDX","M","2019-09",100.0943,
"AUS","CLI","AMPLITUD","LTRENDIDX","M","2019-10",100.0776,
"AUS","CLI","AMPLITUD","LTRENDIDX","M","2019-11",100.0598,
"AUS","CLI","AMPLITUD","LTRENDIDX","M","2019-12",100.0456,
"AUS","CLI","AMPLITUD","LTRENDIDX","M","2020-01",100.0501,
"AUS","CLI","AMPLITUD","LTRENDIDX","M","2020-02",100.0765,
"AUS","CLI","AMPLITUD","LTRENDIDX","M","2020-03",98.60728,
"AUS","CLI","AMPLITUD","LTRENDIDX","M","2020-04",97.75965,
"AUS","CLI","AMPLITUD","LTRENDIDX","M","2020-05",97.35345,
"AUS","CLI","AMPLITUD","LTRENDIDX","M","2020-06",97.83434,
"AUS","CLI","AMPLITUD","LTRENDIDX","M","2020-07",98.16492,
"AUS","CLI","AMPLITUD","LTRENDIDX","M","2020-08",98.51475,
"AUS","CLI","AMPLITUD","LTRENDIDX","M","2020-09",98.26144,
"NLD","CLI","AMPLITUD","LTRENDIDX","M","2019-01",100.3445,
"NLD","CLI","AMPLITUD","LTRENDIDX","M","2019-02",100.2827,
"NLD","CLI","AMPLITUD","LTRENDIDX","M","2019-03",100.2333,
"NLD","CLI","AMPLITUD","LTRENDIDX","M","2019-04",100.1872,
"NLD","CLI","AMPLITUD","LTRENDIDX","M","2019-05",100.1377,
"NLD","CLI","AMPLITUD","LTRENDIDX","M","2019-06",100.0878,
"NLD","CLI","AMPLITUD","LTRENDIDX","M","2019-07",100.0452,
"NLD","CLI","AMPLITUD","LTRENDIDX","M","2019-08",100.0064,
"NLD","CLI","AMPLITUD","LTRENDIDX","M","2019-09",99.97212,
"NLD","CLI","AMPLITUD","LTRENDIDX","M","2019-10",99.94637,
"NLD","CLI","AMPLITUD","LTRENDIDX","M","2019-11",99.92555,
"NLD","CLI","AMPLITUD","LTRENDIDX","M","2019-12",99.90224,
"NLD","CLI","AMPLITUD","LTRENDIDX","M","2020-01",99.86298,
"NLD","CLI","AMPLITUD","LTRENDIDX","M","2020-02",99.79485,
"NLD","CLI","AMPLITUD","LTRENDIDX","M","2020-03",99.11732,
"NLD","CLI","AMPLITUD","LTRENDIDX","M","2020-04",94.47275,
"NLD","CLI","AMPLITUD","LTRENDIDX","M","2020-05",95.41393,
"NLD","CLI","AMPLITUD","LTRENDIDX","M","2020-06",97.35522,
"NLD","CLI","AMPLITUD","LTRENDIDX","M","2020-07",98.56107,
"NLD","CLI","AMPLITUD","LTRENDIDX","M","2020-08",98.73841,
"NLD","CLI","AMPLITUD","LTRENDIDX","M","2020-09",98.81174,
"CHE","CLI","AMPLITUD","LTRENDIDX","M","2019-01",99.39208,
"CHE","CLI","AMPLITUD","LTRENDIDX","M","2019-02",99.45613,
"CHE","CLI","AMPLITUD","LTRENDIDX","M","2019-03",99.53684,
"CHE","CLI","AMPLITUD","LTRENDIDX","M","2019-04",99.61644,
"CHE","CLI","AMPLITUD","LTRENDIDX","M","2019-05",99.67397,
"CHE","CLI","AMPLITUD","LTRENDIDX","M","2019-06",99.70388,
"CHE","CLI","AMPLITUD","LTRENDIDX","M","2019-07",99.71915,
"CHE","CLI","AMPLITUD","LTRENDIDX","M","2019-08",99.75267,
"CHE","CLI","AMPLITUD","LTRENDIDX","M","2019-09",99.76041,
"CHE","CLI","AMPLITUD","LTRENDIDX","M","2019-10",99.73889,
"CHE","CLI","AMPLITUD","LTRENDIDX","M","2019-11",99.64977,
"CHE","CLI","AMPLITUD","LTRENDIDX","M","2019-12",99.50144,
"CHE","CLI","AMPLITUD","LTRENDIDX","M","2020-01",99.29051,
"CHE","CLI","AMPLITUD","LTRENDIDX","M","2020-02",99.03423,
"CHE","CLI","AMPLITUD","LTRENDIDX","M","2020-03",97.7639,
"CHE","CLI","AMPLITUD","LTRENDIDX","M","2020-04",95.81577,
"CHE","CLI","AMPLITUD","LTRENDIDX","M","2020-05",93.50415,
"CHE","CLI","AMPLITUD","LTRENDIDX","M","2020-06",97.67853,
"CHE","CLI","AMPLITUD","LTRENDIDX","M","2020-07",99.92435,
"CHE","CLI","AMPLITUD","LTRENDIDX","M","2020-08",100.4791,
"CHE","CLI","AMPLITUD","LTRENDIDX","M","2020-09",100.9752,
"PRT","CLI","AMPLITUD","LTRENDIDX","M","2019-01",99.80843,
"PRT","CLI","AMPLITUD","LTRENDIDX","M","2019-02",99.59596,
"PRT","CLI","AMPLITUD","LTRENDIDX","M","2019-03",99.5379,
"PRT","CLI","AMPLITUD","LTRENDIDX","M","2019-04",99.61109,
"PRT","CLI","AMPLITUD","LTRENDIDX","M","2019-05",99.75591,
"PRT","CLI","AMPLITUD","LTRENDIDX","M","2019-06",99.94202,
"PRT","CLI","AMPLITUD","LTRENDIDX","M","2019-07",100.138,
"PRT","CLI","AMPLITUD","LTRENDIDX","M","2019-08",100.3078,
"PRT","CLI","AMPLITUD","LTRENDIDX","M","2019-09",100.4499,
"PRT","CLI","AMPLITUD","LTRENDIDX","M","2019-10",100.5456,
"PRT","CLI","AMPLITUD","LTRENDIDX","M","2019-11",100.5361,
"PRT","CLI","AMPLITUD","LTRENDIDX","M","2019-12",100.326,
"PRT","CLI","AMPLITUD","LTRENDIDX","M","2020-01",99.88399,
"PRT","CLI","AMPLITUD","LTRENDIDX","M","2020-02",99.26604,
"PRT","CLI","AMPLITUD","LTRENDIDX","M","2020-03",98.23656,
"PRT","CLI","AMPLITUD","LTRENDIDX","M","2020-04",89.44027,
"PRT","CLI","AMPLITUD","LTRENDIDX","M","2020-05",91.45608,
"PRT","CLI","AMPLITUD","LTRENDIDX","M","2020-06",94.77047,
"PRT","CLI","AMPLITUD","LTRENDIDX","M","2020-07",95.49539,
"PRT","CLI","AMPLITUD","LTRENDIDX","M","2020-08",96.11614,
"PRT","CLI","AMPLITUD","LTRENDIDX","M","2020-09",96.32005,
"CAN","CLI","AMPLITUD","LTRENDIDX","M","2019-01",99.18312,
"CAN","CLI","AMPLITUD","LTRENDIDX","M","2019-02",99.07265,
"CAN","CLI","AMPLITUD","LTRENDIDX","M","2019-03",99.00368,
"CAN","CLI","AMPLITUD","LTRENDIDX","M","2019-04",98.95004,
"CAN","CLI","AMPLITUD","LTRENDIDX","M","2019-05",98.9062,
"CAN","CLI","AMPLITUD","LTRENDIDX","M","2019-06",98.85828,
"CAN","CLI","AMPLITUD","LTRENDIDX","M","2019-07",98.80034,
"CAN","CLI","AMPLITUD","LTRENDIDX","M","2019-08",98.73442,
"CAN","CLI","AMPLITUD","LTRENDIDX","M","2019-09",98.67044,
"CAN","CLI","AMPLITUD","LTRENDIDX","M","2019-10",98.61563,
"CAN","CLI","AMPLITUD","LTRENDIDX","M","2019-11",98.5807,
"CAN","CLI","AMPLITUD","LTRENDIDX","M","2019-12",98.57594,
"CAN","CLI","AMPLITUD","LTRENDIDX","M","2020-01",98.62209,
"CAN","CLI","AMPLITUD","LTRENDIDX","M","2020-02",98.7243,
"CAN","CLI","AMPLITUD","LTRENDIDX","M","2020-03",96.89095,
"CAN","CLI","AMPLITUD","LTRENDIDX","M","2020-04",95.89376,
"CAN","CLI","AMPLITUD","LTRENDIDX","M","2020-05",96.90074,
"CAN","CLI","AMPLITUD","LTRENDIDX","M","2020-06",98.05432,
"CAN","CLI","AMPLITUD","LTRENDIDX","M","2020-07",98.63004,
"CAN","CLI","AMPLITUD","LTRENDIDX","M","2020-08",99.08943,
"CAN","CLI","AMPLITUD","LTRENDIDX","M","2020-09",99.42941,
"ZAF","CLI","AMPLITUD","LTRENDIDX","M","2019-01",99.84964,
"ZAF","CLI","AMPLITUD","LTRENDIDX","M","2019-02",99.80538,
"ZAF","CLI","AMPLITUD","LTRENDIDX","M","2019-03",99.76611,
"ZAF","CLI","AMPLITUD","LTRENDIDX","M","2019-04",99.72326,
"ZAF","CLI","AMPLITUD","LTRENDIDX","M","2019-05",99.6785,
"ZAF","CLI","AMPLITUD","LTRENDIDX","M","2019-06",99.63956,
"ZAF","CLI","AMPLITUD","LTRENDIDX","M","2019-07",99.60729,
"ZAF","CLI","AMPLITUD","LTRENDIDX","M","2019-08",99.59458,
"ZAF","CLI","AMPLITUD","LTRENDIDX","M","2019-09",99.60777,
"ZAF","CLI","AMPLITUD","LTRENDIDX","M","2019-10",99.63631,
"ZAF","CLI","AMPLITUD","LTRENDIDX","M","2019-11",99.66753,
"ZAF","CLI","AMPLITUD","LTRENDIDX","M","2019-12",99.69434,
"ZAF","CLI","AMPLITUD","LTRENDIDX","M","2020-01",99.71327,
"ZAF","CLI","AMPLITUD","LTRENDIDX","M","2020-02",99.72592,
"ZAF","CLI","AMPLITUD","LTRENDIDX","M","2020-03",96.71268,
"ZAF","CLI","AMPLITUD","LTRENDIDX","M","2020-04",93.27387,
"ZAF","CLI","AMPLITUD","LTRENDIDX","M","2020-05",94.45715,
"ZAF","CLI","AMPLITUD","LTRENDIDX","M","2020-06",96.86375,
"ZAF","CLI","AMPLITUD","LTRENDIDX","M","2020-07",97.90455,
"ZAF","CLI","AMPLITUD","LTRENDIDX","M","2020-08",98.56733,
"ISR","CLI","AMPLITUD","LTRENDIDX","M","2019-01",100.2859,
"ISR","CLI","AMPLITUD","LTRENDIDX","M","2019-02",100.2473,
"ISR","CLI","AMPLITUD","LTRENDIDX","M","2019-03",100.2262,
"ISR","CLI","AMPLITUD","LTRENDIDX","M","2019-04",100.1952,
"ISR","CLI","AMPLITUD","LTRENDIDX","M","2019-05",100.1411,
"ISR","CLI","AMPLITUD","LTRENDIDX","M","2019-06",100.0742,
"ISR","CLI","AMPLITUD","LTRENDIDX","M","2019-07",100.0067,
"ISR","CLI","AMPLITUD","LTRENDIDX","M","2019-08",99.96014,
"ISR","CLI","AMPLITUD","LTRENDIDX","M","2019-09",99.97048,
"ISR","CLI","AMPLITUD","LTRENDIDX","M","2019-10",100.0208,
"ISR","CLI","AMPLITUD","LTRENDIDX","M","2019-11",100.0506,
"ISR","CLI","AMPLITUD","LTRENDIDX","M","2019-12",99.99458,
"ISR","CLI","AMPLITUD","LTRENDIDX","M","2020-01",99.82281,
"ISR","CLI","AMPLITUD","LTRENDIDX","M","2020-02",99.57008,
"ISR","CLI","AMPLITUD","LTRENDIDX","M","2020-03",93.84212,
"ISR","CLI","AMPLITUD","LTRENDIDX","M","2020-04",91.97838,
"ISR","CLI","AMPLITUD","LTRENDIDX","M","2020-05",93.2038,
"ISR","CLI","AMPLITUD","LTRENDIDX","M","2020-06",93.40904,
"ISR","CLI","AMPLITUD","LTRENDIDX","M","2020-07",93.48088,
"ISR","CLI","AMPLITUD","LTRENDIDX","M","2020-08",93.49207,
"ISR","CLI","AMPLITUD","LTRENDIDX","M","2020-09",93.57502,
"G-7","CLI","AMPLITUD","LTRENDIDX","M","2019-01",99.85558,
"G-7","CLI","AMPLITUD","LTRENDIDX","M","2019-02",99.72409,
"G-7","CLI","AMPLITUD","LTRENDIDX","M","2019-03",99.61494,
"G-7","CLI","AMPLITUD","LTRENDIDX","M","2019-04",99.51707,
"G-7","CLI","AMPLITUD","LTRENDIDX","M","2019-05",99.42892,
"G-7","CLI","AMPLITUD","LTRENDIDX","M","2019-06",99.35049,
"G-7","CLI","AMPLITUD","LTRENDIDX","M","2019-07",99.2887,
"G-7","CLI","AMPLITUD","LTRENDIDX","M","2019-08",99.24996,
"G-7","CLI","AMPLITUD","LTRENDIDX","M","2019-09",99.25032,
"G-7","CLI","AMPLITUD","LTRENDIDX","M","2019-10",99.2842,
"G-7","CLI","AMPLITUD","LTRENDIDX","M","2019-11",99.3354,
"G-7","CLI","AMPLITUD","LTRENDIDX","M","2019-12",99.38186,
"G-7","CLI","AMPLITUD","LTRENDIDX","M","2020-01",99.40199,
"G-7","CLI","AMPLITUD","LTRENDIDX","M","2020-02",99.38361,
"G-7","CLI","AMPLITUD","LTRENDIDX","M","2020-03",97.45643,
"G-7","CLI","AMPLITUD","LTRENDIDX","M","2020-04",92.94222,
"G-7","CLI","AMPLITUD","LTRENDIDX","M","2020-05",94.48206,
"G-7","CLI","AMPLITUD","LTRENDIDX","M","2020-06",96.71966,
"G-7","CLI","AMPLITUD","LTRENDIDX","M","2020-07",97.94318,
"G-7","CLI","AMPLITUD","LTRENDIDX","M","2020-08",98.41529,
"G-7","CLI","AMPLITUD","LTRENDIDX","M","2020-09",98.70121,
"MEX","CLI","AMPLITUD","LTRENDIDX","M","2019-01",99.80547,
"MEX","CLI","AMPLITUD","LTRENDIDX","M","2019-02",99.72968,
"MEX","CLI","AMPLITUD","LTRENDIDX","M","2019-03",99.7401,
"MEX","CLI","AMPLITUD","LTRENDIDX","M","2019-04",99.81958,
"MEX","CLI","AMPLITUD","LTRENDIDX","M","2019-05",99.75728,
"MEX","CLI","AMPLITUD","LTRENDIDX","M","2019-06",99.58619,
"MEX","CLI","AMPLITUD","LTRENDIDX","M","2019-07",99.42934,
"MEX","CLI","AMPLITUD","LTRENDIDX","M","2019-08",99.33936,
"MEX","CLI","AMPLITUD","LTRENDIDX","M","2019-09",99.35324,
"MEX","CLI","AMPLITUD","LTRENDIDX","M","2019-10",99.46478,
"MEX","CLI","AMPLITUD","LTRENDIDX","M","2019-11",99.61614,
"MEX","CLI","AMPLITUD","LTRENDIDX","M","2019-12",99.73385,
"MEX","CLI","AMPLITUD","LTRENDIDX","M","2020-01",99.70967,
"MEX","CLI","AMPLITUD","LTRENDIDX","M","2020-02",99.48267,
"MEX","CLI","AMPLITUD","LTRENDIDX","M","2020-03",98.65121,
"MEX","CLI","AMPLITUD","LTRENDIDX","M","2020-04",98.40633,
"MEX","CLI","AMPLITUD","LTRENDIDX","M","2020-05",98.8597,
"RUS","CLI","AMPLITUD","LTRENDIDX","M","2019-01",100.3686,
"RUS","CLI","AMPLITUD","LTRENDIDX","M","2019-02",100.355,
"RUS","CLI","AMPLITUD","LTRENDIDX","M","2019-03",100.3821,
"RUS","CLI","AMPLITUD","LTRENDIDX","M","2019-04",100.4183,
"RUS","CLI","AMPLITUD","LTRENDIDX","M","2019-05",100.4338,
"RUS","CLI","AMPLITUD","LTRENDIDX","M","2019-06",100.4234,
"RUS","CLI","AMPLITUD","LTRENDIDX","M","2019-07",100.4001,
"RUS","CLI","AMPLITUD","LTRENDIDX","M","2019-08",100.3732,
"RUS","CLI","AMPLITUD","LTRENDIDX","M","2019-09",100.3518,
"RUS","CLI","AMPLITUD","LTRENDIDX","M","2019-10",100.3148,
"RUS","CLI","AMPLITUD","LTRENDIDX","M","2019-11",100.2336,
"RUS","CLI","AMPLITUD","LTRENDIDX","M","2019-12",100.0724,
"RUS","CLI","AMPLITUD","LTRENDIDX","M","2020-01",99.81139,
"RUS","CLI","AMPLITUD","LTRENDIDX","M","2020-02",99.48106,
"RUS","CLI","AMPLITUD","LTRENDIDX","M","2020-03",98.10114,
"RUS","CLI","AMPLITUD","LTRENDIDX","M","2020-04",91.08311,
"RUS","CLI","AMPLITUD","LTRENDIDX","M","2020-05",93.07309,
"RUS","CLI","AMPLITUD","LTRENDIDX","M","2020-06",97.94541,
"RUS","CLI","AMPLITUD","LTRENDIDX","M","2020-07",98.71908,
"RUS","CLI","AMPLITUD","LTRENDIDX","M","2020-08",98.7726,
"RUS","CLI","AMPLITUD","LTRENDIDX","M","2020-09",98.84113,
"SWE","CLI","AMPLITUD","LTRENDIDX","M","2019-01",99.65443,
"SWE","CLI","AMPLITUD","LTRENDIDX","M","2019-02",99.56224,
"SWE","CLI","AMPLITUD","LTRENDIDX","M","2019-03",99.50833,
"SWE","CLI","AMPLITUD","LTRENDIDX","M","2019-04",99.47752,
"SWE","CLI","AMPLITUD","LTRENDIDX","M","2019-05",99.43265,
"SWE","CLI","AMPLITUD","LTRENDIDX","M","2019-06",99.3672,
"SWE","CLI","AMPLITUD","LTRENDIDX","M","2019-07",99.27698,
"SWE","CLI","AMPLITUD","LTRENDIDX","M","2019-08",99.17779,
"SWE","CLI","AMPLITUD","LTRENDIDX","M","2019-09",99.07951,
"SWE","CLI","AMPLITUD","LTRENDIDX","M","2019-10",98.99215,
"SWE","CLI","AMPLITUD","LTRENDIDX","M","2019-11",98.92217,
"SWE","CLI","AMPLITUD","LTRENDIDX","M","2019-12",98.86257,
"SWE","CLI","AMPLITUD","LTRENDIDX","M","2020-01",98.79967,
"SWE","CLI","AMPLITUD","LTRENDIDX","M","2020-02",98.70768,
"SWE","CLI","AMPLITUD","LTRENDIDX","M","2020-03",97.69713,
"SWE","CLI","AMPLITUD","LTRENDIDX","M","2020-04",95.27537,
"SWE","CLI","AMPLITUD","LTRENDIDX","M","2020-05",95.57567,
"SWE","CLI","AMPLITUD","LTRENDIDX","M","2020-06",96.7348,
"SWE","CLI","AMPLITUD","LTRENDIDX","M","2020-07",97.42365,
"SWE","CLI","AMPLITUD","LTRENDIDX","M","2020-08",97.90774,
"SWE","CLI","AMPLITUD","LTRENDIDX","M","2020-09",98.28304,
"EA19","CLI","AMPLITUD","LTRENDIDX","M","2019-01",100.1894,
"EA19","CLI","AMPLITUD","LTRENDIDX","M","2019-02",100.0964,
"EA19","CLI","AMPLITUD","LTRENDIDX","M","2019-03",100.0097,
"EA19","CLI","AMPLITUD","LTRENDIDX","M","2019-04",99.92719,
"EA19","CLI","AMPLITUD","LTRENDIDX","M","2019-05",99.84779,
"EA19","CLI","AMPLITUD","LTRENDIDX","M","2019-06",99.77047,
"EA19","CLI","AMPLITUD","LTRENDIDX","M","2019-07",99.70579,
"EA19","CLI","AMPLITUD","LTRENDIDX","M","2019-08",99.66326,
"EA19","CLI","AMPLITUD","LTRENDIDX","M","2019-09",99.64185,
"EA19","CLI","AMPLITUD","LTRENDIDX","M","2019-10",99.62901,
"EA19","CLI","AMPLITUD","LTRENDIDX","M","2019-11",99.60648,
"EA19","CLI","AMPLITUD","LTRENDIDX","M","2019-12",99.55581,
"EA19","CLI","AMPLITUD","LTRENDIDX","M","2020-01",99.46787,
"EA19","CLI","AMPLITUD","LTRENDIDX","M","2020-02",99.33766,
"EA19","CLI","AMPLITUD","LTRENDIDX","M","2020-03",96.61855,
"EA19","CLI","AMPLITUD","LTRENDIDX","M","2020-04",91.73571,
"EA19","CLI","AMPLITUD","LTRENDIDX","M","2020-05",93.87367,
"EA19","CLI","AMPLITUD","LTRENDIDX","M","2020-06",97.08099,
"EA19","CLI","AMPLITUD","LTRENDIDX","M","2020-07",97.72787,
"EA19","CLI","AMPLITUD","LTRENDIDX","M","2020-08",97.85845,
"EA19","CLI","AMPLITUD","LTRENDIDX","M","2020-09",98.00069,
"ISL","CLI","AMPLITUD","LTRENDIDX","M","2019-01",100.1369,
"ISL","CLI","AMPLITUD","LTRENDIDX","M","2019-02",99.93369,
"ISL","CLI","AMPLITUD","LTRENDIDX","M","2019-03",99.72048,
"ISL","CLI","AMPLITUD","LTRENDIDX","M","2019-04",99.51121,
"ISL","CLI","AMPLITUD","LTRENDIDX","M","2019-05",99.32448,
"ISL","CLI","AMPLITUD","LTRENDIDX","M","2019-06",99.16903,
"ISL","CLI","AMPLITUD","LTRENDIDX","M","2019-07",99.05244,
"ISL","CLI","AMPLITUD","LTRENDIDX","M","2019-08",98.95719,
"ISL","CLI","AMPLITUD","LTRENDIDX","M","2019-09",98.86706,
"ISL","CLI","AMPLITUD","LTRENDIDX","M","2019-10",98.76185,
"ISL","CLI","AMPLITUD","LTRENDIDX","M","2019-11",98.63519,
"ISL","CLI","AMPLITUD","LTRENDIDX","M","2019-12",98.48064,
"ISL","CLI","AMPLITUD","LTRENDIDX","M","2020-01",98.30526,
"ISL","CLI","AMPLITUD","LTRENDIDX","M","2020-02",98.1194,
"ISL","CLI","AMPLITUD","LTRENDIDX","M","2020-03",95.97886,
"ISL","CLI","AMPLITUD","LTRENDIDX","M","2020-04",92.95067,
"ISL","CLI","AMPLITUD","LTRENDIDX","M","2020-05",92.76416,
"ISL","CLI","AMPLITUD","LTRENDIDX","M","2020-06",93.11088,
"ISL","CLI","AMPLITUD","LTRENDIDX","M","2020-07",94.34885,
"ISL","CLI","AMPLITUD","LTRENDIDX","M","2020-08",94.63049,
"ISL","CLI","AMPLITUD","LTRENDIDX","M","2020-09",94.6285,
